City_ID,City,Country,Date,Lat,Lng,Max Temp,Humidity,Cloudiness,Wind Speed
0,Batagay-Alyta,RU,2021-07-30 16:08:24,67.8006,130.4114,54.79,53,22,2.8
1,Dikson,RU,2021-07-30 16:06:53,73.5069,80.5464,41.13,99,98,6.38
2,Castro,BR,2021-07-30 16:06:48,-24.7911,-50.0119,53.89,38,93,5.99
3,Vardo,NO,2021-07-30 16:08:25,70.3705,31.1107,50.2,76,0,11.5
4,Kahului,US,2021-07-30 16:06:32,20.8947,-156.47,73.42,84,1,5.75
5,Bandarbeyla,SO,2021-07-30 16:08:26,9.4942,50.8122,77.0,78,100,29.57
6,Ushuaia,AR,2021-07-30 16:08:26,-54.8,-68.3,37.06,81,75,13.8
7,Finspang,SE,2021-07-30 16:08:27,58.7058,15.7674,69.8,67,54,8.97
8,Bredasdorp,ZA,2021-07-30 16:08:27,-34.5322,20.0403,57.27,87,13,4.29
9,Sinnamary,GF,2021-07-30 16:08:28,5.3833,-52.95,83.73,69,20,3.91
10,Ixtapa,MX,2021-07-30 16:08:28,20.7,-105.2,83.23,78,90,3.44
11,Sulecin,PL,2021-07-30 16:08:29,52.4443,15.1168,78.69,42,87,10.22
12,Antalaha,MG,2021-07-30 16:08:29,-14.9003,50.2788,68.88,87,2,8.08
13,Zhigansk,RU,2021-07-30 16:08:30,66.7697,123.3711,58.03,50,2,3.62
14,Bluff,NZ,2021-07-30 16:06:14,-46.6,168.3333,46.8,90,100,5.26
15,Albany,US,2021-07-30 16:08:31,42.6001,-73.9662,76.46,68,80,1.99
16,Busselton,AU,2021-07-30 16:06:11,-33.65,115.3333,44.1,73,71,8.93
17,Ilulissat,GL,2021-07-30 16:08:33,69.2167,-51.1,55.42,44,1,8.05
18,Langsa,ID,2021-07-30 16:08:33,4.4683,97.9683,75.74,94,100,1.7
19,Catuday,PH,2021-07-30 16:08:34,16.2923,119.8062,80.02,85,100,17.43
20,Roebourne,AU,2021-07-30 16:08:34,-20.7833,117.1333,69.21,72,0,10.49
21,Miandrivazo,MG,2021-07-30 16:08:35,-19.5167,45.4667,81.46,35,11,6.62
22,Jamestown,US,2021-07-30 16:03:57,42.097,-79.2353,72.09,72,75,5.75
23,Vaini,TO,2021-07-30 16:08:36,-21.2,-175.2,73.56,94,75,5.75
24,Hilo,US,2021-07-30 16:08:36,19.7297,-155.09,71.62,88,90,6.91
25,Qaanaaq,GL,2021-07-30 16:08:37,77.484,-69.3632,41.05,91,100,5.68
26,Kalugumalai,IN,2021-07-30 16:08:37,9.15,77.7167,83.39,58,7,16.44
27,Tuktoyaktuk,CA,2021-07-30 16:08:37,69.4541,-133.0374,54.57,78,76,11.56
28,Constitucion,CL,2021-07-30 16:08:38,-35.3333,-72.4167,58.78,58,7,5.86
29,Grindavik,IS,2021-07-30 16:08:38,63.8424,-22.4338,66.67,63,0,5.75
30,Yellowknife,CA,2021-07-30 16:06:16,62.456,-114.3525,64.56,77,98,5.99
31,Lander,US,2021-07-30 16:08:39,42.833,-108.7307,72.41,68,75,8.05
32,Mataura,NZ,2021-07-30 16:08:40,-46.1927,168.8643,46.47,99,100,1.34
33,Leningradskiy,RU,2021-07-30 16:08:40,69.3833,178.4167,32.41,98,100,19.8
34,Marawi,PH,2021-07-30 16:08:41,7.9986,124.2928,72.64,90,100,2.8
35,Vila Velha,BR,2021-07-30 16:04:30,-20.3297,-40.2925,67.95,56,75,13.8
36,Togur,RU,2021-07-30 16:08:42,58.3631,82.8265,52.88,87,37,6.31
37,Irtyshskiy,RU,2021-07-30 16:08:42,58.3333,68.1333,56.01,98,100,8.48
38,Acari,PE,2021-07-30 16:08:43,-15.4311,-74.6158,72.88,54,50,7.67
39,Pangnirtung,CA,2021-07-30 16:08:43,66.1451,-65.7125,44.6,100,90,3.44
40,Atuona,PF,2021-07-30 16:08:44,-9.8,-139.0333,76.59,78,92,19.1
41,Tazovskiy,RU,2021-07-30 16:08:44,67.4667,78.7,52.0,69,39,7.9
42,Radhanpur,IN,2021-07-30 16:08:16,23.8333,71.6,85.03,71,97,20.6
43,Hobart,AU,2021-07-30 16:06:53,-42.8794,147.3294,54.27,62,40,1.01
44,Morant Bay,JM,2021-07-30 16:08:46,17.8815,-76.4093,87.62,74,14,15.43
45,Kjollefjord,NO,2021-07-30 16:08:46,70.9457,27.3465,49.82,76,20,8.05
46,Nyurba,RU,2021-07-30 16:08:47,63.2842,118.3319,56.79,53,8,2.06
47,Kaoma,ZM,2021-07-30 16:08:47,-14.7833,24.8,72.97,23,62,8.1
48,Port Alfred,ZA,2021-07-30 16:08:48,-33.5906,26.891,59.86,70,7,3.71
49,Ostrovnoy,RU,2021-07-30 16:08:48,68.0531,39.5131,49.33,82,100,11.14
50,Katsuura,JP,2021-07-30 16:06:15,35.1333,140.3,79.11,89,9,7.76
51,San Patricio,US,2021-07-30 16:08:49,28.017,-97.5169,91.02,59,23,5.68
52,Arman,RU,2021-07-30 16:08:49,59.7,150.1667,43.84,68,39,10.31
53,Vao,NC,2021-07-30 16:06:16,-22.6667,167.4833,67.77,55,18,23.85
54,Vanavara,RU,2021-07-30 16:08:50,60.34,102.2797,66.31,42,37,4.76
55,Kano,NG,2021-07-30 16:08:51,12.0001,8.5167,76.46,77,100,0.63
56,Ust-Kuyga,RU,2021-07-30 16:08:51,70.0167,135.6,56.98,50,60,5.73
57,New Norfolk,AU,2021-07-30 16:08:52,-42.7826,147.0587,53.92,61,91,3.0
58,Puerto Ayora,EC,2021-07-30 16:04:16,-0.7393,-90.3518,73.56,78,72,9.93
59,Malokaterynivka,UA,2021-07-30 16:08:53,47.6525,35.2539,79.52,70,56,3.53
60,Port Blair,IN,2021-07-30 16:08:53,11.6667,92.75,82.49,84,21,15.19
61,Presidencia Roque Saenz Pena,AR,2021-07-30 16:08:54,-26.7852,-60.4388,61.38,21,3,7.67
62,Saldanha,ZA,2021-07-30 16:08:54,-33.0117,17.9442,57.96,79,67,10.36
63,Hamilton,US,2021-07-30 16:08:55,39.1834,-84.5333,81.19,67,40,1.99
64,Mehamn,NO,2021-07-30 16:08:55,71.0357,27.8492,49.95,76,20,8.05
65,Lebu,CL,2021-07-30 16:07:52,-37.6167,-73.65,53.31,75,100,4.32
66,Novyy Urgal,RU,2021-07-30 16:08:56,51.0736,132.5642,62.55,97,50,3.56
67,Punta Arenas,CL,2021-07-30 16:08:21,-53.15,-70.9167,41.02,75,20,24.16
68,Helong,CN,2021-07-30 16:08:57,42.5397,128.9972,70.57,98,39,3.0
69,Tuatapere,NZ,2021-07-30 16:08:57,-46.1333,167.6833,46.81,97,100,3.87
70,Kaitangata,NZ,2021-07-30 16:08:58,-46.2817,169.8464,49.93,82,93,2.93
71,Rikitea,PF,2021-07-30 16:05:10,-23.1203,-134.9692,71.49,69,53,4.21
72,Arraial Do Cabo,BR,2021-07-30 16:08:59,-22.9661,-42.0278,67.86,45,20,18.41
73,Longyearbyen,SJ,2021-07-30 16:09:00,78.2186,15.6401,40.84,65,75,18.41
74,Upernavik,GL,2021-07-30 16:06:39,72.7868,-56.1549,42.28,79,26,13.53
75,Monteagudo,BO,2021-07-30 16:09:01,-19.8167,-63.9833,66.88,24,51,4.9
76,Vila Franca Do Campo,PT,2021-07-30 16:09:02,37.7167,-25.4333,75.61,74,89,6.85
77,Klaksvik,FO,2021-07-30 16:09:02,62.2266,-6.589,52.72,84,97,18.61
78,Vysokogornyy,RU,2021-07-30 16:09:03,50.1167,139.15,64.13,99,75,2.19
79,Narsaq,GL,2021-07-30 16:09:04,60.9167,-46.05,66.42,43,100,16.46
80,Kruisfontein,ZA,2021-07-30 16:06:56,-34.0033,24.7314,56.88,72,76,0.4
81,Hanko,FI,2021-07-30 16:09:04,59.8333,22.95,62.85,81,89,22.03
82,Inta,RU,2021-07-30 16:09:05,66.0317,60.1659,49.39,86,100,3.53
83,Cherskiy,RU,2021-07-30 16:09:06,68.75,161.3,29.43,90,100,7.36
84,Kodiak,US,2021-07-30 16:09:06,57.79,-152.4072,54.91,76,90,0.0
85,Cape Town,ZA,2021-07-30 16:06:04,-33.9258,18.4232,62.35,78,69,1.01
86,East London,ZA,2021-07-30 16:09:07,-33.0153,27.9116,63.32,61,8,7.58
87,Abu Dhabi,AE,2021-07-30 16:07:01,24.4667,54.3667,92.25,77,74,11.99
88,Dingle,PH,2021-07-30 16:07:48,10.9995,122.6711,77.88,88,92,6.6
89,Santa Cruz,BO,2021-07-30 16:09:09,-17.8,-63.1667,69.39,19,31,5.19
90,Hofn,IS,2021-07-30 16:09:09,64.2539,-15.2082,60.82,72,0,18.41
91,Santa Isabel,BR,2021-07-30 16:09:10,-23.3156,-46.2214,59.4,43,96,6.91
92,Taoudenni,ML,2021-07-30 16:09:10,22.6783,-3.9836,114.01,10,6,7.23
93,Iquique,CL,2021-07-30 16:09:11,-20.2208,-70.1431,60.84,70,87,4.09
94,Mitsamiouli,KM,2021-07-30 16:09:12,-11.3847,43.2844,76.75,71,0,13.4
95,Kargasok,RU,2021-07-30 16:09:12,59.0556,80.8572,50.18,95,5,6.24
96,Perth,AU,2021-07-30 16:09:14,-31.9333,115.8333,57.06,82,90,4.61
97,Yaan,NG,2021-07-30 16:09:14,7.3833,8.5667,78.22,83,100,5.12
98,Barrow,US,2021-07-30 16:07:49,71.2906,-156.7887,50.02,93,90,5.75
99,Semey,KZ,2021-07-30 16:09:15,50.4111,80.2275,70.02,24,0,6.71
100,Tasiilaq,GL,2021-07-30 16:09:15,65.6145,-37.6368,57.36,74,20,1.5
101,Avarua,CK,2021-07-30 16:04:57,-21.2078,-159.775,66.25,94,46,4.61
102,Ulladulla,AU,2021-07-30 16:09:16,-35.35,150.4667,47.88,48,1,7.23
103,Yerbogachen,RU,2021-07-30 16:09:17,61.2767,108.0108,58.71,55,6,6.33
104,Ribeira Grande,PT,2021-07-30 16:09:18,38.5167,-28.7,75.6,83,40,6.91
105,Mar Del Plata,AR,2021-07-30 16:08:05,-38.0023,-57.5575,55.42,50,0,1.99
106,Klyuchevskiy,RU,2021-07-30 16:09:19,53.5317,119.4519,50.59,78,49,5.82
107,Necochea,AR,2021-07-30 16:09:19,-38.5473,-58.7368,60.04,38,0,19.48
108,Benguela,AO,2021-07-30 16:09:20,-12.5763,13.4055,75.85,72,13,8.23
109,Ambon,ID,2021-07-30 16:06:17,-3.6954,128.1814,79.57,85,83,4.81
110,Touros,BR,2021-07-30 16:09:20,-5.1989,-35.4608,85.1,56,49,18.3
111,Muroto,JP,2021-07-30 16:09:21,33.2833,134.15,79.72,81,95,7.23
112,Shimoda,JP,2021-07-30 16:09:21,34.6667,138.95,76.1,87,73,5.28
113,Mahebourg,MU,2021-07-30 16:09:22,-20.4081,57.7,69.26,72,26,21.36
114,Orotukan,RU,2021-07-30 16:09:22,62.2667,151.7,40.57,84,100,2.17
115,Lichinga,MZ,2021-07-30 16:09:23,-13.3128,35.2406,63.21,48,26,9.6
116,Kuvshinovo,RU,2021-07-30 16:09:24,57.0295,34.1725,67.42,75,77,4.25
117,Srednekolymsk,RU,2021-07-30 16:09:24,67.45,153.6833,37.85,75,72,6.55
118,Byron Bay,AU,2021-07-30 16:09:25,-28.65,153.6167,50.7,77,0,7.29
119,Hermanus,ZA,2021-07-30 16:09:26,-34.4187,19.2345,60.91,85,17,2.33
120,Port Elizabeth,ZA,2021-07-30 16:09:26,-33.918,25.5701,59.09,73,47,2.48
121,Berlevag,NO,2021-07-30 16:09:27,70.8578,29.0864,50.0,85,99,11.07
122,Inhambane,MZ,2021-07-30 16:09:27,-23.865,35.3833,67.24,69,0,9.35
123,Thompson,CA,2021-07-30 16:09:28,55.7435,-97.8558,74.55,40,22,12.44
124,Huai Thalaeng,TH,2021-07-30 16:09:28,14.997,102.6475,77.92,84,97,12.19
125,Mahon,ES,2021-07-30 16:09:29,39.8885,4.2658,82.96,74,20,9.22
126,Rochester,US,2021-07-30 16:09:00,43.1548,-77.6156,68.04,74,75,3.0
127,Skibbereen,IE,2021-07-30 16:09:30,51.55,-9.2667,66.0,68,90,19.44
128,Cifuentes,CU,2021-07-30 16:09:31,22.645,-80.0461,89.22,66,40,8.05
129,Vallenar,CL,2021-07-30 16:09:31,-28.5708,-70.7581,74.37,11,0,4.09
130,Havelock,US,2021-07-30 16:08:30,34.8791,-76.9013,91.35,79,1,8.01
131,Conway,US,2021-07-30 16:04:59,35.0887,-92.4421,94.69,74,1,4.61
132,Haines Junction,CA,2021-07-30 16:09:32,60.7522,-137.5108,56.79,63,0,2.42
133,Sangar,RU,2021-07-30 16:09:33,63.9242,127.4739,54.82,55,21,3.38
134,Saint-Philippe,RE,2021-07-30 16:09:33,-21.3585,55.7679,69.39,82,38,12.26
135,Laguna,US,2021-07-30 16:09:34,38.421,-121.4238,94.84,54,1,4.0
136,Kondinskoye,RU,2021-07-30 16:09:35,59.6481,67.41,55.53,99,100,6.53
137,Russell,US,2021-07-30 16:09:35,32.3502,-85.1999,89.51,69,1,4.61
138,Zatoka,UA,2021-07-30 16:09:36,46.0725,30.4654,84.74,59,0,5.28
139,Georgetown,MY,2021-07-30 16:06:30,5.4112,100.3354,77.9,91,20,2.3
140,Tiksi,RU,2021-07-30 16:09:37,71.6872,128.8694,57.51,56,16,7.78
141,Astoria,US,2021-07-30 16:09:37,46.1879,-123.8313,71.98,96,90,0.0
142,Mahibadhoo,MV,2021-07-30 16:09:38,3.7833,72.9667,82.81,70,82,5.19
143,Mendi,PG,2021-07-30 16:09:38,-6.1761,143.6513,55.67,98,99,1.7
144,Vestmannaeyjar,IS,2021-07-30 16:09:39,63.4427,-20.2734,57.34,86,56,7.67
145,Kloulklubed,PW,2021-07-30 16:09:39,7.0419,134.2556,77.5,73,95,3.36
146,Norman Wells,CA,2021-07-30 16:07:26,65.282,-126.8329,70.2,55,84,3.53
147,Acajutla,SV,2021-07-30 16:09:40,13.5928,-89.8275,91.74,59,18,3.18
148,Egvekinot,RU,2021-07-30 16:09:41,66.3167,-179.1667,35.47,96,100,2.64
149,Fort Saint James,CA,2021-07-30 16:09:41,54.4333,-124.25,68.67,53,0,1.81
150,Aklavik,CA,2021-07-30 16:09:42,68.2191,-135.0107,68.09,49,88,8.32
151,Chuy,UY,2021-07-30 16:09:42,-33.6971,-53.4616,53.13,54,0,6.76
152,Bambous Virieux,MU,2021-07-30 16:09:43,-20.3428,57.7575,69.22,71,28,20.94
153,Porto Walter,BR,2021-07-30 16:09:44,-8.2686,-72.7439,78.39,29,4,4.47
154,Wajima,JP,2021-07-30 16:09:45,37.4,136.9,77.83,85,38,3.78
155,Verkhnyaya Inta,RU,2021-07-30 16:09:45,65.9811,60.3094,48.72,87,100,3.71
156,Mao,ES,2021-07-30 16:09:29,39.8885,4.2658,82.96,74,20,9.22
157,Butaritari,KI,2021-07-30 16:09:46,3.0707,172.7902,81.37,78,73,6.93
158,Qiyang,CN,2021-07-30 16:09:47,26.5911,111.8474,80.33,84,74,3.33
159,Alencon,FR,2021-07-30 16:08:06,48.4333,0.0833,70.59,52,82,13.18
160,Port-Gentil,GA,2021-07-30 16:09:47,-0.7193,8.7815,76.71,81,95,18.07
161,Padang,ID,2021-07-30 16:09:48,-0.9492,100.3543,77.05,84,49,3.62
162,Ripiceni,RO,2021-07-30 16:09:48,47.95,27.1333,85.39,54,0,5.88
163,Carnarvon,AU,2021-07-30 16:06:59,-24.8667,113.6333,66.27,62,40,18.41
164,La Ronge,CA,2021-07-30 16:09:50,55.1001,-105.2842,68.86,46,1,5.75
165,Esperance,AU,2021-07-30 16:09:50,-33.8667,121.9,49.69,72,94,19.22
166,Ginda,IN,2021-07-30 16:09:51,30.6945,78.4932,66.76,84,84,2.84
167,Flin Flon,CA,2021-07-30 16:09:51,54.7682,-101.865,75.06,38,28,10.69
168,Biryusinsk,RU,2021-07-30 16:09:52,55.9634,97.8235,55.9,85,75,0.83
169,Ponta Do Sol,PT,2021-07-30 16:09:53,32.6667,-17.1,81.72,61,0,2.71
170,Poum,NC,2021-07-30 16:09:53,-20.2333,164.0167,69.8,59,26,22.73
171,Saint-Denis,FR,2021-07-30 16:06:54,48.9167,2.3333,74.98,49,0,14.97
172,Broome,US,2021-07-30 16:07:47,42.2506,-75.833,69.55,63,20,18.41
173,Flinders,AU,2021-07-30 16:09:54,-34.5833,150.8552,51.39,61,2,1.01
174,Codrington,AU,2021-07-30 16:09:55,-38.2667,141.9667,55.83,55,22,20.29
175,Kitgum,UG,2021-07-30 16:09:55,3.2783,32.8867,73.33,73,100,4.43
176,Palmer,US,2021-07-30 16:09:56,42.1584,-72.3287,79.41,57,40,1.99
177,Kamenka,RU,2021-07-30 16:09:56,51.3223,42.7678,75.69,70,79,6.44
178,Coquimbo,CL,2021-07-30 16:09:57,-29.9533,-71.3436,53.33,76,40,4.61
179,Dunmore Town,BS,2021-07-30 16:09:57,25.5,-76.65,83.5,71,20,11.05
180,Batemans Bay,AU,2021-07-30 16:09:58,-35.7167,150.1833,41.92,56,9,5.41
181,Olafsvik,IS,2021-07-30 16:09:58,64.8945,-23.7142,55.98,85,97,4.18
182,Juneau,US,2021-07-30 16:05:54,58.3019,-134.4197,66.85,83,75,0.0
183,Rio Grande,BR,2021-07-30 16:09:59,-32.035,-52.0986,56.95,56,0,2.42
184,At-Bashi,KG,2021-07-30 16:10:00,41.1702,75.8106,61.25,52,69,3.58
185,Huaibei,CN,2021-07-30 16:10:00,33.9744,116.7917,77.63,91,2,6.2
186,Santander Jimenez,MX,2021-07-30 16:10:01,24.2167,-98.4667,86.31,61,50,4.21
187,Baiyin,CN,2021-07-30 16:10:01,36.5583,104.2081,80.78,18,0,4.52
188,Maniitsoq,GL,2021-07-30 16:10:04,65.4167,-52.9,49.64,78,90,7.65
189,Hualmay,PE,2021-07-30 16:10:05,-11.0964,-77.6139,67.64,72,28,10.33
190,Saskylakh,RU,2021-07-30 16:10:06,71.9167,114.0833,72.75,49,30,7.61
191,Westerland,DE,2021-07-30 16:10:07,54.9079,8.3033,71.19,77,20,14.97
192,Nanakuli,US,2021-07-30 16:10:08,21.3906,-158.1547,78.75,78,1,4.61
193,Brae,GB,2021-07-30 16:10:08,60.3964,-1.353,57.11,76,60,13.18
194,Pontianak,ID,2021-07-30 16:10:09,-0.0333,109.3333,78.78,100,75,1.14
195,Marfil,MX,2021-07-30 16:10:10,21.0,-101.2833,69.75,69,68,9.17
196,Clyde River,CA,2021-07-30 16:10:11,70.4692,-68.5914,43.74,75,28,5.5
197,Bridlington,GB,2021-07-30 16:10:11,54.0831,-0.1919,60.98,94,100,20.83
198,Yar-Sale,RU,2021-07-30 16:10:12,66.8333,70.8333,49.41,77,79,14.29
199,Hirara,JP,2021-07-30 16:10:13,24.8,125.2833,83.43,89,100,17.29
200,Cascioarele,RO,2021-07-30 16:10:14,44.1261,26.4697,92.57,35,0,7.07
201,Portland,US,2021-07-30 16:06:17,45.5234,-122.6762,78.84,62,75,3.0
202,Dakar,SN,2021-07-30 16:05:47,14.6937,-17.4441,88.68,80,91,8.68
203,Chokurdakh,RU,2021-07-30 16:06:38,70.6333,147.9167,51.33,50,100,10.8
204,Sandomierz,PL,2021-07-30 16:10:16,50.6827,21.749,84.92,50,2,5.99
205,Hals,DK,2021-07-30 16:10:17,56.9961,10.3081,67.6,78,71,22.64
206,Rosario Do Sul,BR,2021-07-30 16:10:18,-30.2583,-54.9142,53.76,55,0,6.38
207,Faya,SA,2021-07-30 16:07:08,18.3851,42.4509,73.92,71,85,13.27
208,Aksay,RU,2021-07-30 16:10:19,47.26,39.87,91.02,25,15,4.0
209,Kutno,PL,2021-07-30 16:10:19,52.2306,19.3641,81.1,52,94,8.48
210,Kapaa,US,2021-07-30 16:10:20,22.0752,-159.319,79.12,80,90,1.01
211,Tabou,CI,2021-07-30 16:10:21,4.423,-7.3528,79.74,74,45,9.37
212,Sompeta,IN,2021-07-30 16:10:21,18.9333,84.6,82.69,79,100,7.56
213,Namibe,AO,2021-07-30 16:10:22,-15.1961,12.1522,71.58,76,15,9.22
214,Beyneu,KZ,2021-07-30 16:10:23,45.3167,55.2,90.55,14,0,7.85
215,Geraldton,AU,2021-07-30 16:06:42,-28.7667,114.6,57.13,87,90,8.05
216,Bakhmach,UA,2021-07-30 16:10:24,51.1808,32.7569,77.81,47,23,10.71
217,Westport,US,2021-07-30 16:05:40,41.1415,-73.3579,82.78,69,20,1.99
218,Luderitz,NA,2021-07-30 16:10:25,-26.6481,15.1594,70.48,38,0,8.99
219,Iqaluit,CA,2021-07-30 16:10:00,63.7506,-68.5145,47.7,81,100,3.0
220,Mackay,AU,2021-07-30 16:10:26,-21.15,149.2,65.05,85,70,6.91
221,Anantapur,IN,2021-07-30 16:10:26,14.6833,77.6,81.28,60,100,21.68
222,Bengkulu,ID,2021-07-30 16:10:27,-3.8004,102.2655,76.89,88,20,7.4
223,Shelburne,CA,2021-07-30 16:10:28,44.0787,-80.2041,63.55,53,4,14.9
224,Buala,SB,2021-07-30 16:07:21,-8.145,159.5921,78.89,84,34,2.55
225,Freeport,US,2021-07-30 16:08:32,40.6576,-73.5832,83.1,57,1,4.0
226,Acapulco,MX,2021-07-30 16:08:29,16.8634,-99.8901,82.22,74,75,3.44
227,Goderich,CA,2021-07-30 16:10:29,43.7501,-81.7165,69.03,63,4,18.63
228,Hami,CN,2021-07-30 16:10:30,42.8,93.45,96.6,12,1,11.27
229,Rognan,NO,2021-07-30 16:10:31,67.0953,15.3878,63.75,79,100,5.12
230,Souillac,MU,2021-07-30 16:06:47,-20.5167,57.5167,69.37,75,32,19.95
231,Mangan,IN,2021-07-30 16:10:32,27.5167,88.5333,76.77,94,83,1.01
232,Saint George,US,2021-07-30 16:10:33,37.1041,-113.5841,81.43,69,20,1.01
233,Ode,NG,2021-07-30 16:10:34,7.7899,5.7117,74.64,87,100,5.06
234,Khatanga,RU,2021-07-30 16:10:35,71.9667,102.5,76.46,44,57,9.31
235,Ninghai,CN,2021-07-30 16:10:35,29.2892,121.4247,79.74,96,100,2.84
236,Sao Francisco,BR,2021-07-30 16:10:36,-15.9486,-44.8644,89.38,30,5,1.59
237,Korla,CN,2021-07-30 16:10:37,41.7597,86.1469,92.37,18,99,17.2
238,Naze,JP,2021-07-30 16:06:47,28.3667,129.4833,77.04,86,30,4.63
239,Lorengau,PG,2021-07-30 16:10:38,-2.0226,147.2712,81.91,77,36,4.72
240,Te Anau,NZ,2021-07-30 16:10:39,-45.4167,167.7167,47.21,97,100,2.19
241,Cabo San Lucas,MX,2021-07-30 16:10:15,22.8909,-109.9124,90.81,74,1,1.99
242,Dnestrovsc,MD,2021-07-30 16:10:40,46.6222,29.9133,84.56,40,0,8.75
243,Ilebo,CD,2021-07-30 16:10:41,-4.3167,20.5833,95.43,22,33,2.06
244,Nikolskoye,RU,2021-07-30 16:10:41,59.7035,30.7861,71.49,53,89,5.37
245,Kavaratti,IN,2021-07-30 16:10:42,10.5669,72.642,82.09,79,100,13.91
246,Trebinje,BA,2021-07-30 16:10:43,42.7119,18.3442,87.76,51,0,6.91
247,Belaya Gora,RU,2021-07-30 16:10:43,68.5333,146.4167,48.97,51,100,6.62
248,Bonthe,SL,2021-07-30 16:10:44,7.5264,-12.505,81.97,69,98,12.12
249,Kudahuvadhoo,MV,2021-07-30 16:10:45,2.6708,72.8944,82.69,70,100,3.74
250,Kashi,CN,2021-07-30 16:10:46,39.4547,75.9797,87.22,22,97,10.2
251,Mangrol,IN,2021-07-30 16:10:46,21.1167,70.1167,82.53,81,100,22.35
252,Quatre Cocos,MU,2021-07-30 16:10:47,-20.2078,57.7625,69.1,71,27,20.11
253,Roald,NO,2021-07-30 16:10:48,62.5833,6.1333,63.52,67,75,9.22
254,Nouadhibou,MR,2021-07-30 16:10:48,20.931,-17.0347,68.72,91,22,24.74
255,Hithadhoo,MV,2021-07-30 16:06:54,-0.6,73.0833,82.35,73,42,6.91
256,Henties Bay,NA,2021-07-30 16:10:49,-22.116,14.2845,78.85,33,0,6.87
257,Keita,NE,2021-07-30 16:10:50,14.7551,5.7749,86.68,57,79,7.29
258,Maxcanu,MX,2021-07-30 16:10:50,20.5833,-89.9833,88.99,46,13,6.76
259,Nokaneng,BW,2021-07-30 16:10:51,-19.6667,22.2667,72.46,15,30,10.33
260,Bowen,AU,2021-07-30 16:10:52,-20.0167,148.2333,69.42,87,7,10.36
261,Muros,ES,2021-07-30 16:10:52,42.7762,-9.0603,72.23,68,75,10.71
262,Huarmey,PE,2021-07-30 16:10:23,-10.0681,-78.1522,69.03,73,41,9.62
263,Louiseville,CA,2021-07-30 16:06:25,46.2559,-72.9415,64.89,57,84,13.78
264,Haicheng,CN,2021-07-30 16:10:53,40.8516,122.7475,76.64,82,16,10.07
265,Araguaina,BR,2021-07-30 16:10:54,-7.1911,-48.2072,98.6,16,34,4.29
266,Zambezi,ZM,2021-07-30 16:10:54,-13.5432,23.1047,76.77,18,51,5.84
267,Camacha,PT,2021-07-30 16:10:55,33.0833,-16.3333,74.16,68,40,16.11
268,Pevek,RU,2021-07-30 16:10:55,69.7008,170.3133,33.08,93,100,17.92
269,Sao Filipe,CV,2021-07-30 16:10:56,14.8961,-24.4956,75.36,84,97,10.04
270,Ouadda,CF,2021-07-30 16:10:56,8.0777,22.4007,69.98,94,100,4.07
271,Mundo Nuevo,MX,2021-07-30 16:10:57,18.7,-95.5,82.67,74,88,7.45
272,Havoysund,NO,2021-07-30 16:10:57,70.9963,24.6622,50.88,87,100,15.01
273,Komsomolskiy,UZ,2021-07-30 16:10:58,40.4272,71.7189,87.06,21,5,15.68
274,Fortuna,US,2021-07-30 16:10:58,40.5982,-124.1573,53.94,62,38,5.48
275,Mali,GN,2021-07-30 16:10:59,12.079,-12.2982,66.4,83,100,2.51
276,Ranong,TH,2021-07-30 16:10:59,9.9658,98.6348,79.97,89,97,11.99
277,Matara,LK,2021-07-30 16:11:00,5.9485,80.5353,79.34,88,27,10.54
278,Simao,CN,2021-07-30 16:11:00,22.7886,100.9748,67.32,96,100,2.1
279,Turukhansk,RU,2021-07-30 16:11:01,65.8167,87.9833,58.89,82,100,3.42
280,Bethel,US,2021-07-30 16:11:02,41.3712,-73.414,80.49,67,75,1.01
281,Camacupa,AO,2021-07-30 16:11:02,-12.0167,17.4833,77.23,16,25,3.31
282,Petropavlovsk-Kamchatskiy,RU,2021-07-30 16:11:03,53.0452,158.6483,53.94,90,100,14.2
283,Porto Novo,BJ,2021-07-30 16:11:03,6.4965,2.6036,81.63,66,100,11.18
284,Kodinsk,RU,2021-07-30 16:11:04,58.6881,99.1844,65.66,74,100,3.87
285,Nuuk,GL,2021-07-30 16:11:05,64.1835,-51.7216,65.01,45,40,2.3
286,Norden,DE,2021-07-30 16:11:06,53.6,7.2,72.97,79,82,10.07
287,Zhezkazgan,KZ,2021-07-30 16:11:06,47.8043,67.7144,78.04,16,51,7.14
288,Berbera,SO,2021-07-30 16:06:17,10.4396,45.0143,91.04,39,86,24.99
289,Dudinka,RU,2021-07-30 16:11:07,69.4058,86.1778,60.48,79,100,8.14
290,Peniche,PT,2021-07-30 16:11:08,39.3558,-9.3811,76.87,79,2,15.7
291,Preobrazheniye,RU,2021-07-30 16:11:08,42.9019,133.9064,71.98,92,38,7.67
292,Riviere-Au-Renard,CA,2021-07-30 16:11:09,48.9957,-64.3971,61.09,89,100,16.24
293,Lagunas,PE,2021-07-30 16:11:09,-5.2269,-75.6753,78.33,46,84,5.75
294,Hovd,MN,2021-07-30 16:11:10,48.0056,91.6419,71.74,34,100,9.42
295,Karratha,AU,2021-07-30 16:11:10,-20.7377,116.8463,69.69,73,0,10.04
296,Mgandu,TZ,2021-07-30 16:11:11,-5.95,34.1333,69.6,35,3,6.76
297,Nouakchott,MR,2021-07-30 16:11:11,18.0858,-15.9785,82.33,67,7,15.05
298,Lavrentiya,RU,2021-07-30 16:09:40,65.5833,-171.0,42.76,97,65,4.14
299,Pimentel,PE,2021-07-30 16:11:12,-6.8367,-79.9342,68.29,80,90,3.0
300,Balakhta,RU,2021-07-30 16:11:13,55.38,91.6,58.84,72,94,2.06
301,Kavieng,PG,2021-07-30 16:11:14,-2.5744,150.7967,81.28,79,15,7.61
302,Half Moon Bay,US,2021-07-30 16:11:14,37.4636,-122.4286,77.58,86,90,1.99
303,Provideniya,RU,2021-07-30 16:11:15,64.3833,-173.3,46.6,96,92,7.65
304,Mount Isa,AU,2021-07-30 16:11:15,-20.7333,139.5,72.43,31,23,4.45
305,Rock Hill,US,2021-07-30 16:10:30,34.9249,-81.0251,90.43,70,1,4.61
306,Olden,NO,2021-07-30 16:11:16,61.8364,6.8064,66.94,46,2,7.29
307,Fairbanks,US,2021-07-30 16:07:18,64.8378,-147.7164,59.59,85,90,3.44
308,Tilichiki,RU,2021-07-30 16:11:17,60.4667,166.1,39.65,83,14,10.92
309,Port Hedland,AU,2021-07-30 16:11:18,-20.3167,118.5667,69.85,78,4,10.36
310,Lazaro Cardenas,MX,2021-07-30 16:09:20,17.9583,-102.2,78.17,91,100,4.63
311,Mogadishu,SO,2021-07-30 16:11:19,2.0371,45.3438,76.55,76,97,18.63
312,Broken Hill,AU,2021-07-30 16:11:20,-31.95,141.4333,56.84,56,37,11.81
313,Paoua,CF,2021-07-30 16:11:20,7.2427,16.4406,77.59,86,70,1.43
314,Matamoros,MX,2021-07-30 16:07:00,25.5333,-103.25,80.71,55,75,0.0
315,Linjiang,CN,2021-07-30 16:11:21,41.8069,126.9078,74.17,81,81,1.39
316,Kingaroy,AU,2021-07-30 16:11:22,-26.5333,151.8333,40.03,92,0,2.62
317,Fandriana,MG,2021-07-30 16:11:23,-20.2333,47.3833,54.77,95,95,3.11
318,Hobyo,SO,2021-07-30 16:11:24,5.3505,48.5268,77.31,76,100,26.35
319,Samarai,PG,2021-07-30 16:11:24,-10.6167,150.6667,79.25,82,96,18.12
320,Camalu,MX,2021-07-30 16:11:25,30.85,-116.0667,75.42,71,22,5.61
321,Puerto Del Rosario,ES,2021-07-30 16:11:25,28.5004,-13.8627,82.08,73,20,18.41
322,Tessalit,ML,2021-07-30 16:11:26,20.1986,1.0114,101.05,21,66,8.68
323,Pantai Remis,MY,2021-07-30 16:11:27,4.4557,100.6288,78.3,83,100,3.8
324,Fort Nelson,CA,2021-07-30 16:11:27,58.8053,-122.7002,68.88,48,6,3.62
325,Luganville,VU,2021-07-30 16:11:28,-15.5333,167.1667,73.13,80,50,8.19
326,Pitimbu,BR,2021-07-30 16:11:29,-7.4706,-34.8086,82.99,68,50,13.18
327,Chinsali,ZM,2021-07-30 16:11:29,-10.5414,32.0816,66.7,35,0,6.6
328,Vanimo,PG,2021-07-30 16:11:30,-2.6741,141.3028,77.65,88,15,0.6
329,Severo-Kurilsk,RU,2021-07-30 16:11:31,50.6789,156.125,56.32,97,92,5.12
330,Sao Luis,BR,2021-07-30 16:10:30,-2.5297,-44.3028,86.2,66,75,13.8
331,West Wendover,US,2021-07-30 16:11:31,40.7391,-114.0733,74.41,60,40,0.0
332,Prince Rupert,CA,2021-07-30 16:07:44,54.3161,-130.3201,60.89,94,40,4.61
333,Awjilah,LY,2021-07-30 16:11:32,29.1081,21.2869,104.61,11,4,14.36
334,Lompoc,US,2021-07-30 16:06:49,34.6391,-120.4579,67.93,85,90,0.0
335,Asau,RO,2021-07-30 16:11:33,46.4333,26.4,83.39,56,37,0.63
336,Manzil Salim,TN,2021-07-30 16:11:35,35.8567,8.4765,105.53,10,42,17.07
337,Amahai,ID,2021-07-30 16:11:37,-3.3333,128.9167,77.4,87,99,3.24
338,Fukue,JP,2021-07-30 16:11:37,32.6881,128.8419,80.02,88,100,7.36
339,Solnechnyy,RU,2021-07-30 16:11:38,50.7214,136.6319,54.59,86,56,8.01
340,Didwana,IN,2021-07-30 16:11:39,27.4,74.5667,89.08,63,100,4.61
341,Arlit,NE,2021-07-30 16:11:39,18.7369,7.3853,106.83,13,3,4.94
342,Qasigiannguit,GL,2021-07-30 16:11:40,68.8193,-51.1922,55.65,56,12,1.77
343,Ignacio De La Llave,MX,2021-07-30 16:07:13,18.7167,-95.9833,81.19,86,96,6.82
344,Harnosand,SE,2021-07-30 16:11:41,62.6323,17.9379,64.4,72,98,3.47
345,Sfantu Gheorghe,RO,2021-07-30 16:10:33,45.8667,25.7833,81.93,62,17,1.99
346,Ludza,LV,2021-07-30 16:11:42,56.55,27.7167,72.28,40,66,12.17
347,Gari,RU,2021-07-30 16:11:43,59.4307,62.3497,55.87,99,100,5.53
348,Ormara,PK,2021-07-30 16:11:43,25.2088,64.6357,81.77,84,92,14.2
349,Mirnyy,RU,2021-07-30 16:11:44,62.5353,113.9611,55.76,53,5,3.27
350,Sao Jose Da Coroa Grande,BR,2021-07-30 16:11:44,-8.8978,-35.1478,79.41,71,52,10.8
351,Kizilskoye,RU,2021-07-30 16:11:45,52.7255,58.8937,73.83,52,100,7.31
352,Santa Maria Da Vitoria,BR,2021-07-30 16:11:46,-13.3947,-44.1886,91.71,27,0,5.88
353,Oistins,BB,2021-07-30 16:11:46,13.0667,-59.5333,86.09,74,40,16.11
354,Luziania,BR,2021-07-30 16:11:47,-16.2525,-47.9503,81.99,20,0,3.89
355,Belmonte,BR,2021-07-30 16:11:47,-15.8631,-38.8828,68.5,83,100,16.51
356,Torbay,CA,2021-07-30 16:11:48,47.6666,-52.7314,73.27,62,100,1.01
357,Salalah,OM,2021-07-30 16:10:42,17.0151,54.0924,77.0,90,98,10.04
358,Nacozari,MX,2021-07-30 16:11:49,25.3366,-108.2574,88.05,51,1,2.75
359,Griffith,US,2021-07-30 16:11:49,41.5284,-87.4237,75.27,64,40,1.99
360,Maltahohe,NA,2021-07-30 16:11:50,-24.8333,16.9833,67.17,15,0,14.09
361,Santa Maria,BR,2021-07-30 16:11:21,-29.6842,-53.8069,55.18,49,0,5.12
362,San Vicente,AR,2021-07-30 16:11:50,-26.6167,-54.1333,58.66,29,0,4.27
363,Hay River,CA,2021-07-30 16:11:51,60.8156,-115.7999,63.5,64,97,1.01
364,Guilin,CN,2021-07-30 16:11:51,25.2819,110.2864,79.68,86,49,0.89
365,Suoyarvi,RU,2021-07-30 16:11:52,62.0833,32.35,67.91,52,48,11.34
366,Airai,TL,2021-07-30 16:11:53,-8.9266,125.4092,58.28,70,58,2.13
367,Svetlogorsk,BY,2021-07-30 16:11:53,52.6333,29.7333,76.37,49,60,6.67
368,Boditi,ET,2021-07-30 16:11:54,6.9667,37.8667,59.16,85,99,4.92
369,Nemuro,JP,2021-07-30 16:11:55,43.3236,145.575,68.59,92,99,4.54
370,Caravelas,BR,2021-07-30 16:11:57,-17.7125,-39.2481,69.69,68,100,12.3
371,Sao Joao Da Barra,BR,2021-07-30 16:11:57,-21.6403,-41.0511,71.69,46,12,15.03
372,Kirakira,SB,2021-07-30 16:11:59,-10.4544,161.9205,77.88,86,65,6.89
373,Mudgee,AU,2021-07-30 16:12:00,-32.5943,149.5871,32.05,100,0,5.75
374,Pakxan,LA,2021-07-30 16:12:00,18.3778,103.6601,77.05,94,99,1.12
375,Outlook,CA,2021-07-30 16:12:01,51.5001,-107.0513,76.89,39,0,6.4
376,Kieta,PG,2021-07-30 16:12:02,-6.2167,155.6333,78.51,84,7,5.1
377,Gustrow,DE,2021-07-30 16:12:03,53.7972,12.1734,75.65,35,40,10.36
378,Araouane,ML,2021-07-30 16:12:04,18.9048,-3.5265,104.72,19,7,2.1
379,Leh,IN,2021-07-30 16:12:05,34.1667,77.5833,64.38,60,90,6.06
380,Takoradi,GH,2021-07-30 16:12:05,4.8845,-1.7554,79.5,75,91,10.13
381,Diego De Almagro,CL,2021-07-30 16:12:06,-26.3667,-70.05,76.44,13,13,6.33
382,Beloha,MG,2021-07-30 16:12:06,-25.1667,45.05,68.95,70,0,7.49
383,Anapskaya,RU,2021-07-30 16:12:07,44.89,37.38,80.83,65,0,8.95
384,Aksu,CN,2021-07-30 16:12:08,41.1231,80.2644,84.02,24,46,7.72
385,Katete,UG,2021-07-30 16:12:09,-0.7818,29.7544,76.1,37,88,1.05
386,Saint-Pierre,RE,2021-07-30 16:12:10,-21.3393,55.4781,69.48,74,20,23.02
387,Victoria,HK,2021-07-30 16:07:13,22.2855,114.1577,86.38,88,100,1.01
388,Tongren,CN,2021-07-30 16:12:11,27.7172,109.1853,79.86,78,83,2.73
389,Praia Da Vitoria,PT,2021-07-30 16:12:11,38.7333,-27.0667,72.46,77,17,8.95
390,Nyrob,RU,2021-07-30 16:12:12,60.733,56.7202,57.22,98,100,1.77
391,Cairns,AU,2021-07-30 16:12:12,-16.9167,145.7667,68.07,93,45,10.36
392,Victoria Point,AU,2021-07-30 16:12:13,-27.5833,153.3,53.49,68,0,3.76
393,Moree,AU,2021-07-30 16:12:13,-29.4667,149.85,48.22,76,0,10.36
394,Pontes E Lacerda,BR,2021-07-30 16:12:14,-15.2261,-59.3353,75.69,15,0,6.15
395,Sambava,MG,2021-07-30 16:12:14,-14.2667,50.1667,70.68,85,7,12.77
396,Sisimiut,GL,2021-07-30 16:12:15,66.9395,-53.6735,58.26,54,16,3.85
397,Severnyy,RU,2021-07-30 16:12:15,50.677,36.5532,82.44,54,0,13.42
398,Nelson Bay,AU,2021-07-30 16:12:16,-32.7167,152.15,48.96,90,0,5.35
399,Atar,MR,2021-07-30 16:12:16,20.5169,-13.0499,106.32,16,3,7.02
400,Novyy Urengoy,RU,2021-07-30 16:09:45,66.0833,76.6333,53.51,72,41,11.52
401,Parrita,CR,2021-07-30 16:12:17,9.5201,-84.3225,91.98,66,22,3.44
402,Alofi,NU,2021-07-30 16:12:18,-19.0595,-169.9187,76.24,77,75,17.02
403,Buenos Aires,AR,2021-07-30 16:11:17,-34.6132,-58.3772,59.02,54,0,11.27
404,Kumasi,GH,2021-07-30 16:12:18,6.6885,-1.6244,80.13,71,98,5.97
405,Luanda,AO,2021-07-30 16:12:19,-8.8368,13.2343,73.4,78,40,8.05
406,Yulara,AU,2021-07-30 16:12:20,-25.2406,130.9889,53.44,58,4,3.44
407,Sibolga,ID,2021-07-30 16:12:21,1.7427,98.7792,76.78,89,90,2.53
408,Batagay,RU,2021-07-30 16:12:21,67.6333,134.6333,53.74,57,69,1.77
409,Port Lincoln,AU,2021-07-30 16:12:22,-34.7333,135.8667,56.7,84,18,11.16
410,Nisia Floresta,BR,2021-07-30 16:12:22,-6.0911,-35.2086,85.01,50,39,15.37
411,Tabas,IR,2021-07-30 16:12:23,33.5959,56.9244,94.33,18,0,16.71
412,Keti Bandar,PK,2021-07-30 16:12:23,24.1447,67.4497,82.62,82,100,22.55
413,Irbil,IQ,2021-07-30 16:12:24,36.1926,44.0106,101.46,15,15,4.61
414,Xinmin,CN,2021-07-30 16:12:24,41.9908,122.8253,78.3,97,35,6.78
415,Marzuq,YE,2021-07-30 16:12:25,14.4,46.4667,77.27,59,93,10.87
416,Mega,ET,2021-07-30 16:12:26,4.05,38.3,59.77,69,98,10.89
417,Savonlinna,FI,2021-07-30 16:12:26,61.8699,28.88,66.25,63,0,11.5
418,Pokhara,NP,2021-07-30 16:12:26,28.2333,83.9833,74.12,97,100,1.41
419,Zomba,MW,2021-07-30 16:12:27,-15.386,35.3188,64.26,54,24,6.53
420,Alta Floresta,BR,2021-07-30 16:12:28,-9.8756,-56.0861,88.93,18,0,5.68
421,Khandyga,RU,2021-07-30 16:12:29,62.6667,135.6,51.15,65,11,1.32
422,Havre-Saint-Pierre,CA,2021-07-30 16:12:29,50.2334,-63.5986,59.29,84,100,8.52
423,Ichhawar,IN,2021-07-30 16:12:30,23.0167,77.0167,75.63,87,100,11.88
424,Stawell,AU,2021-07-30 16:12:30,-37.05,142.7667,50.25,63,94,11.99
425,Grand Gaube,MU,2021-07-30 16:12:31,-20.0064,57.6608,69.39,78,2,5.99
426,Rocha,UY,2021-07-30 16:12:31,-34.4833,-54.3333,55.58,49,0,7.9
427,Soubre,CI,2021-07-30 16:12:32,5.7856,-6.6083,80.28,77,91,4.25
428,Mayo,US,2021-07-30 16:12:33,38.8876,-76.5119,89.24,60,1,8.01
429,Inyonga,TZ,2021-07-30 16:12:33,-6.7167,32.0667,75.45,30,0,5.82
430,Bairiki,KI,2021-07-30 16:11:09,1.3292,172.9752,80.6,83,40,8.05
431,Salinopolis,BR,2021-07-30 16:12:35,-0.6136,-47.3561,84.74,67,33,7.18
432,Sidi Ali,DZ,2021-07-30 16:12:35,36.0998,0.4206,88.65,43,54,4.97
433,Labuhan,ID,2021-07-30 16:12:36,-6.8844,112.2051,78.48,80,21,8.16
434,Verkhnevilyuysk,RU,2021-07-30 16:12:36,63.4453,120.3167,55.99,56,32,2.19
435,Itarema,BR,2021-07-30 16:12:37,-2.9248,-39.9167,85.48,62,54,15.93
436,Puerto Leguizamo,CO,2021-07-30 16:12:37,-0.1934,-74.7819,74.14,76,98,5.57
437,Umred,IN,2021-07-30 16:12:38,20.85,79.3333,77.29,80,100,14.63
438,Demyansk,RU,2021-07-30 16:12:38,57.643,32.466,67.78,74,66,5.48
439,Terra Santa,BR,2021-07-30 16:12:39,-2.1042,-56.4869,93.78,44,65,1.34
440,Pandan,PH,2021-07-30 16:12:39,14.0453,124.1694,83.59,77,100,11.48
441,Arica,CL,2021-07-30 16:12:40,-18.475,-70.3042,61.03,77,90,6.91
442,Thunder Bay,CA,2021-07-30 16:10:43,48.4001,-89.3168,65.98,45,68,4.38
443,Dovers,VC,2021-07-30 16:12:40,12.8833,-61.1833,81.0,79,46,16.73
444,General Roca,AR,2021-07-30 16:12:41,-39.0333,-67.5833,64.98,18,80,11.34
445,Mareeba,AU,2021-07-30 16:12:42,-17.0,145.4333,63.45,96,21,2.73
446,Tromso,NO,2021-07-30 16:12:42,69.6496,18.957,66.85,67,20,12.66
447,Umm Kaddadah,SD,2021-07-30 16:12:42,13.6017,26.6876,90.07,44,76,14.47
448,Shiyan,CN,2021-07-30 16:12:43,32.6475,110.7781,79.99,73,0,2.51
449,Kikwit,CD,2021-07-30 16:12:44,-5.041,18.8162,97.27,16,6,4.52
450,Ambovombe,MG,2021-07-30 16:12:44,-25.1667,46.0833,67.89,78,0,4.29
451,Tiszaalpar,HU,2021-07-30 16:12:45,46.8128,19.9984,92.17,37,21,4.59
452,Vestmanna,FO,2021-07-30 16:12:46,62.1564,-7.1664,50.92,82,66,18.41
453,Mount Gambier,AU,2021-07-30 16:12:46,-37.8333,140.7667,52.47,70,18,10.31
454,Saint Anthony,US,2021-07-30 16:12:47,45.0205,-93.218,77.94,60,1,1.99
455,Nishihara,JP,2021-07-30 16:12:48,26.1842,127.7558,81.68,89,20,8.05
456,Cayenne,GF,2021-07-30 16:12:48,4.9333,-52.3333,87.84,76,75,4.0
457,Lima Duarte,BR,2021-07-30 16:12:49,-21.8425,-43.7931,54.27,36,6,5.99
458,Waipawa,NZ,2021-07-30 16:12:50,-41.4122,175.5153,43.43,83,3,4.56
459,Yangambi,CD,2021-07-30 16:12:50,0.8102,24.4336,88.03,39,87,0.51
460,Meulaboh,ID,2021-07-30 16:12:51,4.1363,96.1285,78.58,82,100,2.17
461,Capreol,CA,2021-07-30 16:12:52,46.706,-80.9225,61.92,57,5,1.99
462,College,US,2021-07-30 16:11:19,64.8569,-147.8028,59.58,85,75,0.0
463,Bar,UA,2021-07-30 16:12:53,49.0772,27.6826,78.91,56,10,5.39
464,Kuzino,RU,2021-07-30 16:12:53,57.0224,59.4412,61.9,97,90,7.45
465,Radyvyliv,UA,2021-07-30 16:12:54,50.1299,25.2558,79.47,59,39,5.1
466,Tonkino,RU,2021-07-30 16:12:54,57.3726,46.4629,71.74,69,100,3.44
467,Cockburn Town,TC,2021-07-30 16:12:55,21.4612,-71.1419,87.76,62,75,17.27
468,Daru,PG,2021-07-30 16:10:08,-9.0763,143.2092,77.11,90,100,12.12
469,Margate,GB,2021-07-30 16:12:56,51.3813,1.3862,65.97,73,13,5.99
470,Harper,LR,2021-07-30 16:12:56,4.375,-7.7169,79.79,75,50,9.84
471,Trincomalee,LK,2021-07-30 16:12:56,8.5711,81.2335,83.07,68,6,11.68
472,Usinsk,RU,2021-07-30 16:12:57,65.9939,57.5281,53.15,73,97,6.29
473,Algiers,DZ,2021-07-30 16:12:57,36.7525,3.042,89.42,52,75,5.75
474,Sitka,US,2021-07-30 16:12:58,57.0531,-135.33,64.29,72,75,0.0
475,Carcassonne,FR,2021-07-30 16:12:59,43.25,2.1667,78.67,66,90,14.97
476,Kungurtug,RU,2021-07-30 16:13:00,50.5994,97.5228,51.46,50,69,1.83
477,Alice Springs,AU,2021-07-30 16:13:00,-23.7,133.8833,65.75,27,0,9.22
478,Cartagena,CO,2021-07-30 16:08:26,10.3997,-75.5144,89.22,66,75,4.61
479,Nhulunbuy,AU,2021-07-30 16:13:01,-12.2333,136.7667,74.01,94,86,0.0
480,Ternate,ID,2021-07-30 16:13:02,0.8,127.4,81.34,80,12,1.28
481,Adre,TD,2021-07-30 16:13:02,13.4667,22.2,77.79,74,100,15.32
482,Sakakah,SA,2021-07-30 16:13:03,29.9697,40.2064,100.36,11,3,8.37
483,Sungairaya,ID,2021-07-30 16:13:04,0.7,108.9,80.44,83,76,6.96
484,Ibia,BR,2021-07-30 16:13:05,-19.4783,-46.5389,74.91,9,4,1.14
485,Sturgis,US,2021-07-30 16:13:05,41.7992,-85.4192,71.15,39,75,5.75
486,Ryotsu,JP,2021-07-30 16:13:06,38.0833,138.4333,77.22,85,5,2.08
487,Caconda,AO,2021-07-30 16:11:15,-13.7333,15.0667,76.41,13,17,5.23
488,Tres Picos,MX,2021-07-30 16:13:07,15.8667,-93.5333,85.39,62,100,1.03
489,Kotido,UG,2021-07-30 16:13:07,2.9806,34.1331,72.61,63,100,6.71
490,San Cristobal,VE,2021-07-30 16:13:08,7.7669,-72.225,81.09,51,64,8.68
491,Srandakan,ID,2021-07-30 16:13:08,-7.9386,110.2506,77.72,82,59,11.16
492,Bubaque,GW,2021-07-30 16:13:09,11.2833,-15.8333,78.46,84,98,14.85
493,Samoylovka,RU,2021-07-30 16:13:09,51.184,43.7081,72.36,82,93,2.59
494,Mahmudia,RO,2021-07-30 16:13:10,45.0833,29.0833,86.2,53,0,9.08
495,Ribeira Brava,PT,2021-07-30 16:13:10,32.65,-17.0667,81.72,63,0,1.97
496,Sungaipenuh,ID,2021-07-30 16:13:11,-2.0833,101.3833,65.79,98,85,0.63
497,Petropavlovka,RU,2021-07-30 16:13:11,50.6114,105.3196,52.45,92,83,4.36
498,Jennings,US,2021-07-30 16:13:12,38.7192,-90.2604,82.9,70,90,1.01
499,Walvis Bay,NA,2021-07-30 16:13:13,-22.9575,14.5053,79.09,22,0,10.45
500,Kenai,US,2021-07-30 16:13:13,60.5544,-151.2583,54.09,87,90,5.75
501,Coahuayana,MX,2021-07-30 16:13:14,18.7333,-103.6833,81.88,71,89,1.74
502,Bunia,CD,2021-07-30 16:13:14,1.5667,30.25,71.46,70,46,1.23
503,Corinto,GR,2021-07-30 16:13:15,37.9407,22.9573,104.02,29,0,4.72
504,Coihaique,CL,2021-07-30 16:13:16,-45.5752,-72.0662,41.61,81,75,9.22
505,Tanda,IN,2021-07-30 16:13:16,26.55,82.65,84.7,76,70,6.87
506,Gorontalo,ID,2021-07-30 16:13:16,0.5412,123.0595,75.0,95,99,2.33
507,Nizhniy Kuranakh,RU,2021-07-30 16:12:12,58.8353,125.4869,48.27,96,76,5.14
508,Bam,IR,2021-07-30 16:13:17,29.106,58.357,92.17,15,11,14.34
509,Abu Samrah,SY,2021-07-30 16:13:18,35.3029,37.1841,94.28,25,0,15.57
510,Noumea,NC,2021-07-30 16:10:58,-22.2763,166.4572,70.0,99,52,14.45
511,Dhidhdhoo,MV,2021-07-30 16:13:19,6.8833,73.1,82.92,73,86,9.35
512,Maumere,ID,2021-07-30 16:13:19,-8.6199,122.2111,77.31,80,20,8.57
513,Rawson,AR,2021-07-30 16:13:20,-43.3002,-65.1023,54.75,33,100,23.22
514,Ancud,CL,2021-07-30 16:13:21,-41.8697,-73.8203,47.73,85,100,0.29
515,Isangel,VU,2021-07-30 16:13:21,-19.55,169.2667,70.86,81,9,13.58
516,Los Llanos De Aridane,ES,2021-07-30 16:13:22,28.6585,-17.9182,72.12,84,75,17.27
517,Faanui,PF,2021-07-30 16:13:22,-16.4833,-151.75,77.72,66,98,15.32
518,Tatawin,TN,2021-07-30 16:13:23,32.9297,10.4518,105.37,7,0,6.4
519,Monze,ZM,2021-07-30 16:13:23,-16.2833,27.4833,65.05,38,39,6.29
520,Jinxiang,CN,2021-07-30 16:13:24,27.4327,120.6062,80.64,93,100,10.98
521,Ha Giang,VN,2021-07-30 16:13:24,22.8333,104.9833,78.64,99,100,3.51
522,Punta Alta,AR,2021-07-30 16:13:25,-38.8759,-62.0736,59.77,26,0,25.32
523,Atbasar,KZ,2021-07-30 16:13:26,51.8,68.3333,67.59,34,94,8.48
524,Espinosa,BR,2021-07-30 16:13:26,-14.9261,-42.8192,82.92,41,48,10.42
525,Bonavista,CA,2021-07-30 16:13:27,48.6499,-53.1147,63.54,62,100,13.0
526,Conceicao Do Araguaia,BR,2021-07-30 16:13:27,-8.2578,-49.2647,98.15,17,8,5.32
527,Newport,GB,2021-07-30 16:13:28,51.5877,-2.9984,66.85,70,60,20.54
528,Palana,RU,2021-07-30 16:13:28,59.1167,159.9667,40.24,86,4,10.36
529,Visnes,NO,2021-07-30 16:13:29,59.3556,5.2242,64.78,82,75,11.5
530,Nizhnyaya Tavda,RU,2021-07-30 16:13:30,57.6731,66.1725,58.93,94,100,9.89
531,Port Shepstone,ZA,2021-07-30 16:13:31,-30.7414,30.455,63.59,76,43,9.53
532,Comodoro Rivadavia,AR,2021-07-30 16:13:31,-45.8667,-67.5,53.46,32,20,24.16
533,Saint-Francois,FR,2021-07-30 16:12:44,46.4154,3.9054,75.67,69,0,4.61
534,Tabuk,PH,2021-07-30 16:13:32,17.4189,121.4443,77.74,84,100,2.95
535,Shadegan,IR,2021-07-30 16:13:33,30.6497,48.6647,108.82,8,2,9.31
536,Debre Tabor,ET,2021-07-30 16:13:34,11.85,38.0167,55.09,95,96,4.74
537,Osakarovka,KZ,2021-07-30 16:13:34,50.565,72.5692,64.04,40,39,4.54
538,Kurayoshi,JP,2021-07-30 16:13:35,35.4333,133.8167,74.17,87,99,2.89
539,Yabrud,SY,2021-07-30 16:13:35,33.9674,36.6574,85.66,29,0,4.54
540,Katol,IN,2021-07-30 16:13:36,21.2667,78.5833,75.76,82,100,16.91
541,Kinsale,IE,2021-07-30 16:13:36,51.7075,-8.5306,65.57,63,75,20.71
542,Pangkalanbuun,ID,2021-07-30 16:13:37,-2.6833,111.6167,75.18,92,90,2.04
543,Talnakh,RU,2021-07-30 16:13:23,69.4865,88.3972,59.36,87,100,6.4
544,Edmonton,CA,2021-07-30 16:11:17,53.5501,-113.4687,77.92,60,2,3.0
545,Cururupu,BR,2021-07-30 16:13:38,-1.8283,-44.8683,82.85,81,53,5.44
546,Moirang,IN,2021-07-30 16:13:39,24.5,93.7667,73.11,95,100,0.83
547,Lang Suan,TH,2021-07-30 16:13:39,9.9456,99.0785,78.19,90,100,3.71
548,Vila,PT,2021-07-30 16:13:40,42.0304,-8.1588,71.74,51,11,9.62
549,Huntsville,US,2021-07-30 16:13:40,34.7304,-86.5861,89.4,77,20,4.0
550,Dongsheng,CN,2021-07-30 16:13:41,39.8161,109.9776,79.68,25,62,7.56
551,Zyryanka,RU,2021-07-30 16:13:41,65.75,150.85,39.97,70,11,3.24
552,Kuytun,RU,2021-07-30 16:13:42,54.3419,101.5036,54.84,81,98,5.86
553,Amazar,RU,2021-07-30 16:13:43,53.858,120.875,52.29,83,50,5.03
